{"Abdalli":470,"Ahmadi":398,"Ahmadi & Umm-Alhaiman":327328,"Ardhiyah":480488489,"Fahaheel":391392,"Farwaniah":4.7147247347448e+14,"Free Trade Zone":461,"Funtas":390,"Hawalli":2.6126226326427e+17,"Jaber Al-Ali":383384,"Jabriyah":531532533534,"Jahra":477,"Jahra-B":455456457458,"Jaleeb Al-Shuyoukh":431,"Manqaf & Shuiba":371372376,"Mushrif":538,"Nuzha":2.2425125225325e+29,"Qurain":541542543544,"Ras Salmiyah":5.7157257357458e+14,"Rekka":394396,"Sabah Salem":551552,"Safat":2.4024124224324e+29,"Salmiyah":5.6156256356456e+14,"Shuwaikh":481483484,"South Subahiyah":361362,"Sulaibikhat":487,"Sulaibiyah":467,"Wafra":381,"Zoor":395}